<?xml version="1.0" encoding="UTF-8"?>
<beans:beans xmlns="http://www.springframework.org/schema/mvc"
	xmlns:xsi="http://www.w3.org/2001/XMLSchema-instance"
	xmlns:beans="http://www.springframework.org/schema/beans"
	xmlns:context="http://www.springframework.org/schema/context"
	xmlns:jee="http://www.springframework.org/schema/jee"
	xsi:schemaLocation="http://www.springframework.org/schema/mvc http://www.springframework.org/schema/mvc/spring-mvc.xsd
		http://www.springframework.org/schema/jee http://www.springframework.org/schema/jee/spring-jee-4.3.xsd
		http://www.springframework.org/schema/beans http://www.springframework.org/schema/beans/spring-beans.xsd
		http://www.springframework.org/schema/context http://www.springframework.org/schema/context/spring-context.xsd">

	<!-- DispatcherServlet Context: defines this servlet's request-processing infrastructure -->
	
	<!-- Enables the Spring MVC @Controller programming model -->
	<annotation-driven />

	<!-- Handles HTTP GET requests for /resources/** by efficiently serving up static resources in the ${webappRoot}/resources directory -->
	<resources mapping="/resources/**" location="/resources/" /> 

	<!-- Resolves views selected for rendering by @Controllers to .jsp resources in the /WEB-INF/views directory -->
	<beans:bean class="org.springframework.web.servlet.view.InternalResourceViewResolver">
		<beans:property name="prefix" value="/WEB-INF/views/" />
		<beans:property name="suffix" value=".jsp" />
	</beans:bean>
	
	<context:component-scan base-package="com.mycompany.ourapp" />
	
	<!-- Connection Pool --> <!-- 소규모 프로젝트에 적합하다 -->

	<beans:bean name="dataSource" class="com.mchange.v2.c3p0.ComboPooledDataSource">
		<beans:property name="driverClass" value="oracle.jdbc.OracleDriver"/>
		<beans:property name="jdbcUrl" value="jdbc:oracle:thin:@106.253.56.125:1521:orcl"/>
		<beans:property name="user" value="kosauser7"/>
		<beans:property name="password" value="kosa12345"/>
		<beans:property name="maxPoolSize" value="3"/>
		<beans:property name="initialPoolSize" value="1"/>
		<beans:property name="acquireIncrement" value="1"/>
		<beans:property name="minPoolSize" value="1"/>
	</beans:bean>
		
		<!-- <jee:jndi-lookup id="dataSource" jndi-name="jdbc/orcl"/>-->
		
		<!-- JdbcTemplate 객체 생성 -->
		<beans:bean name="jdbcTemplate" class="org.springframework.jdbc.core.JdbcTemplate">
				<beans:property name="dataSource" ref="dataSource"/>
		</beans:bean>
		
		<!-- Multipart/form-data 해석을 위한 스프링 관리 객체 설정 -->
		<beans:bean name="multipartResolver" class="org.springframework.web.multipart.commons.CommonsMultipartResolver"></beans:bean>
			
</beans:beans>
